site_uid,site_name,parish_label,region,town,latitude,longitude,coordinate_precision,coordinate_confidence,coordinate_source,coordinate_note,coordinate_next_action,maps_query,source_url
basses-plaines-wilhems-notre-dame-de-lourdes-chapelle-du-montmartre-rose-hill,Chapelle du Montmartre,Notre-Dame-de-Lourdes,Basses Plaines Wilhems,Rose-Hill,-20.241,57.471,approximate,0.65,duplicate_or_area_coordinate,Deterministic pass completed. Best available coordinate retained as approximate because accessible evidence did not support a church-building or door-level upgrade.,No weak-location label remains. Coordinate is intentionally classified approximate until stronger evidence is obtained.,"Chapelle du Montmartre, Rose-Hill, Notre-Dame-de-Lourdes, Basses Plaines Wilhems, Mauritius",https://dioceseportlouis.org/diocese/les-paroisses/basses-plaines-wilhems/notre-dame-de-lourdes-1890
basses-plaines-wilhems-notre-dame-de-lourdes-notre-dame-de-lourdes-rose-hill,Notre-Dame-de-Lourdes,Notre-Dame-de-Lourdes,Basses Plaines Wilhems,Rose-Hill,-20.241313,57.472687,google_maps_place,0.88,GCatholic Google Maps plus code,coordinate replaced with Google Maps place-level Plus Code 5HFVQF5F+F3 via GCatholic. This is materially more precise than locality centroid; not claimed as manually doorway-visual-verified.,"Optional refinement: confirm building footprint/entrance by satellite, Street View, parish confirmation, or on-site check.","Notre-Dame-de-Lourdes, Rose-Hill, Basses Plaines Wilhems, Mauritius",https://dioceseportlouis.org/diocese/les-paroisses/basses-plaines-wilhems/notre-dame-de-lourdes-1890
basses-plaines-wilhems-notre-dame-de-mont-roches-notre-dame-de-mont-roches-roches-brunes,Notre-Dame-de-Mont-Roches,Notre-Dame-de-Mont-Roches,Basses Plaines Wilhems,Roches-Brunes,-20.233563,57.457438,google_maps_place,0.88,GCatholic Google Maps plus code,coordinate replaced with Google Maps place-level Plus Code 5HFVQF84+HX via GCatholic. This is materially more precise than locality centroid; not claimed as manually doorway-visual-verified.,"Optional refinement: confirm building footprint/entrance by satellite, Street View, parish confirmation, or on-site check.","Notre-Dame-de-Mont-Roches, Roches-Brunes, Basses Plaines Wilhems, Mauritius",https://dioceseportlouis.org/diocese/les-paroisses/basses-plaines-wilhems/notre-dame-de-montroches-1975
basses-plaines-wilhems-notre-dame-du-rosaire-notre-dame-du-rosaire-quatre-bornes,Notre-Dame-du-Rosaire,Notre-Dame-du-Rosaire,Basses Plaines Wilhems,Quatre-Bornes,-20.265063,57.475062,google_maps_place,0.88,GCatholic Google Maps plus code,coordinate replaced with Google Maps place-level Plus Code 5HFVPFMG+X2 via GCatholic. This is materially more precise than locality centroid; not claimed as manually doorway-visual-verified.,"Optional refinement: confirm building footprint/entrance by satellite, Street View, parish confirmation, or on-site check.","Notre-Dame-du-Rosaire, Quatre-Bornes, Basses Plaines Wilhems, Mauritius",https://dioceseportlouis.org/diocese/les-paroisses/basses-plaines-wilhems/notre-dame-du-rosaire-1927
basses-plaines-wilhems-notre-dame-du-rosaire-saint-luc-cite-kennedy,Saint-Luc,Notre-Dame-du-Rosaire,Basses Plaines Wilhems,Cité-Kennedy,-20.27637,57.47384,google_maps_place,0.86,WorldPlaces GPS coordinate for Eglise St Luc Cite Kennedy,"WorldPlaces lists GPS coordinates for Eglise St Luc Cité Kennedy. Treated as place-level, not manually confirmed door pin. Evidence: https://mauritius.worldplaces.me/places-in-quatre-bornes-town/56024885-eglise-st-luc-cite-kennedy.html","Optional refinement: confirm building footprint/entrance by satellite, Street View, parish confirmation, or on-site check.","Saint-Luc, Cité-Kennedy, Notre-Dame-du-Rosaire, Basses Plaines Wilhems, Mauritius",https://dioceseportlouis.org/diocese/les-paroisses/basses-plaines-wilhems/notre-dame-du-rosaire-1927
basses-plaines-wilhems-notre-dame-du-rosaire-saint-thomas-beaux-songes,Saint-Thomas,Notre-Dame-du-Rosaire,Basses Plaines Wilhems,Beaux-Songes,-20.2787687,57.4239878,exact_church_building,0.90,Near-Place Google Maps-linked listing and Cartogiraffe chapel listing,Near-Place lists Chapelle Saint Thomas at Beaux-Songes with latitude/longitude and Google Maps directions; Cartogiraffe identifies the same location as a chapel. Evidence: https://mu.near-place.com/chapelle-saint-thomas-beaux-songes/fr,Optional refinement only: manually confirm main entrance/door if exact_door is required.,"Saint-Thomas, Beaux-Songes, Notre-Dame-du-Rosaire, Basses Plaines Wilhems, Mauritius",https://dioceseportlouis.org/diocese/les-paroisses/basses-plaines-wilhems/notre-dame-du-rosaire-1927
basses-plaines-wilhems-notre-dame-du-rosaire-sainte-brigitte-pierrefonds,Sainte-Brigitte,Notre-Dame-du-Rosaire,Basses Plaines Wilhems,Pierrefonds,-20.28928,57.4451,exact_church_building,0.92,Mapcarta / OpenStreetMap church node 424958986 after v24.22.2 recheck,v24.22.2 recheck update: coordinate replaced with Mapcarta/OSM mapped church node/building evidence. This is exact for the church location; not necessarily the main door/entrance.,Optional refinement only: manually confirm main entrance/door if exact_door is required.,"Sainte-Brigitte, Pierrefonds, Notre-Dame-du-Rosaire, Basses Plaines Wilhems, Mauritius",https://dioceseportlouis.org/diocese/les-paroisses/basses-plaines-wilhems/notre-dame-du-rosaire-1927
basses-plaines-wilhems-sacre-cur-emmaus-coromandel,Emmaüs,Sacré-Cœur (Basses Plaines Wilhems),Basses Plaines Wilhems,Coromandel,-20.19,57.467,approximate,0.45,locality_level_only,Deterministic pass completed. Best available coordinate retained as approximate because accessible evidence did not support a church-building or door-level upgrade.,No weak-location label remains. Coordinate is intentionally classified approximate until stronger evidence is obtained.,"Emmaüs, Coromandel, Sacré-Cœur (Basses Plaines Wilhems), Basses Plaines Wilhems, Mauritius",https://dioceseportlouis.org/diocese/les-paroisses/basses-plaines-wilhems/sacre-coeur-1880
basses-plaines-wilhems-sacre-cur-leau-vive-chebel,L’Eau Vive,Sacré-Cœur (Basses Plaines Wilhems),Basses Plaines Wilhems,Chebel,-20.227,57.44,approximate,0.45,locality_level_only,Deterministic pass completed. Best available coordinate retained as approximate because accessible evidence did not support a church-building or door-level upgrade.,No weak-location label remains. Coordinate is intentionally classified approximate until stronger evidence is obtained.,"L’Eau Vive, Chebel, Sacré-Cœur (Basses Plaines Wilhems), Basses Plaines Wilhems, Mauritius",https://dioceseportlouis.org/diocese/les-paroisses/basses-plaines-wilhems/sacre-coeur-1880
basses-plaines-wilhems-sacre-cur-notre-dame-de-la-confiance-barkly,Notre-Dame-de-la-Confiance,Sacré-Cœur (Basses Plaines Wilhems),Basses Plaines Wilhems,Barkly,-20.222,57.466,approximate,0.45,locality_level_only,Deterministic pass completed. Best available coordinate retained as approximate because accessible evidence did not support a church-building or door-level upgrade.,No weak-location label remains. Coordinate is intentionally classified approximate until stronger evidence is obtained.,"Notre-Dame-de-la-Confiance, Barkly, Sacré-Cœur (Basses Plaines Wilhems), Basses Plaines Wilhems, Mauritius",https://dioceseportlouis.org/diocese/les-paroisses/basses-plaines-wilhems/sacre-coeur-1880
basses-plaines-wilhems-sacre-cur-sacre-cur-beau-bassin,Sacré-Cœur,Sacré-Cœur (Basses Plaines Wilhems),Basses Plaines Wilhems,Beau-Bassin,-20.240313,57.472938,google_maps_place,0.88,GCatholic Google Maps plus code,coordinate replaced with Google Maps place-level Plus Code 5HFVQF5F+V5 via GCatholic. This is materially more precise than locality centroid; not claimed as manually doorway-visual-verified.,"Optional refinement: confirm building footprint/entrance by satellite, Street View, parish confirmation, or on-site check.","Sacré-Cœur, Beau-Bassin, Sacré-Cœur (Basses Plaines Wilhems), Basses Plaines Wilhems, Mauritius",https://dioceseportlouis.org/diocese/les-paroisses/basses-plaines-wilhems/sacre-coeur-1880
basses-plaines-wilhems-saint-pierre-es-liens-notre-dame-du-bon-conseil-moka,Notre-Dame-du-Bon-Conseil,Saint Pierre-ès-Liens,Basses Plaines Wilhems,Moka,-20.219,57.495,approximate,0.74,prior_unique_church_coordinate_not_door_verified,Deterministic pass completed. Best available coordinate retained as approximate because accessible evidence did not support a church-building or door-level upgrade.,No weak-location label remains. Coordinate is intentionally classified approximate until stronger evidence is obtained.,"Notre-Dame-du-Bon-Conseil, Moka, Saint Pierre-ès-Liens, Basses Plaines Wilhems, Mauritius",https://dioceseportlouis.org/diocese/les-paroisses/basses-plaines-wilhems/saint-pierre-es-liens-1770
basses-plaines-wilhems-saint-pierre-es-liens-saint-pierre-es-liens-saint-pierre,Saint-Pierre-ès-Liens,Saint Pierre-ès-Liens,Basses Plaines Wilhems,Saint-Pierre,-20.222313,57.537062,google_maps_place,0.88,GCatholic Google Maps plus code,coordinate replaced with Google Maps place-level Plus Code 5HFVQGHP+3R via GCatholic. This is materially more precise than locality centroid; not claimed as manually doorway-visual-verified.,"Optional refinement: confirm building footprint/entrance by satellite, Street View, parish confirmation, or on-site check.","Saint-Pierre-ès-Liens, Saint-Pierre, Basses Plaines Wilhems, Mauritius",https://dioceseportlouis.org/diocese/les-paroisses/basses-plaines-wilhems/saint-pierre-es-liens-1770
basses-plaines-wilhems-saint-jean-saint-jean-quatre-bornes,Saint-Jean,Saint-Jean,Basses Plaines Wilhems,Quatre-Bornes,-20.255938,57.486937,google_maps_place,0.88,GCatholic Google Maps plus code,coordinate replaced with Google Maps place-level Plus Code 5HFVPFVP+JQ via GCatholic. This is materially more precise than locality centroid; not claimed as manually doorway-visual-verified.,"Optional refinement: confirm building footprint/entrance by satellite, Street View, parish confirmation, or on-site check.","Saint-Jean, Quatre-Bornes, Basses Plaines Wilhems, Mauritius",https://dioceseportlouis.org/diocese/les-paroisses/basses-plaines-wilhems/saint-jean-1846
basses-plaines-wilhems-saint-patrick-saint-patrick-rose-hill,Saint-Patrick,Saint-Patrick,Basses Plaines Wilhems,Rose-Hill,-20.252938,57.472438,google_maps_place,0.88,GCatholic Google Maps plus code,coordinate replaced with Google Maps place-level Plus Code 5HFVPFWC+RX via GCatholic. This is materially more precise than locality centroid; not claimed as manually doorway-visual-verified.,"Optional refinement: confirm building footprint/entrance by satellite, Street View, parish confirmation, or on-site check.","Église Saint Patrick, Boundary Road, Rose-Hill, Mauritius",https://dioceseportlouis.org/diocese/les-paroisses/basses-plaines-wilhems/saint-patrick
basses-plaines-wilhems-sainte-anne-couvent-des-surs-holy-trinity-plaisance,Couvent des Sœurs Holy Trinity,Sainte-Anne (Basses Plaines Wilhems),Basses Plaines Wilhems,Plaisance,-20.231,57.48,approximate,0.45,locality_level_only,Deterministic pass completed. Best available coordinate retained as approximate because accessible evidence did not support a church-building or door-level upgrade.,No weak-location label remains. Coordinate is intentionally classified approximate until stronger evidence is obtained.,"Couvent des Sœurs Holy Trinity, Plaisance, Sainte-Anne (Basses Plaines Wilhems), Basses Plaines Wilhems, Mauritius",https://dioceseportlouis.org/diocese/les-paroisses/basses-plaines-wilhems/sainte-anne
basses-plaines-wilhems-sainte-anne-sainte-anne-stanley-rose-hill,Sainte-Anne,Sainte-Anne (Basses Plaines Wilhems),Basses Plaines Wilhems,"Stanley, Rose-Hill",-20.246813,57.466062,google_maps_place,0.88,GCatholic Google Maps plus code,coordinate replaced with Google Maps place-level Plus Code 5HFVQF38+7C via GCatholic. This is materially more precise than locality centroid; not claimed as manually doorway-visual-verified.,"Optional refinement: confirm building footprint/entrance by satellite, Street View, parish confirmation, or on-site check.","Sainte-Anne, Stanley, Rose-Hill, Sainte-Anne (Basses Plaines Wilhems), Basses Plaines Wilhems, Mauritius",https://dioceseportlouis.org/diocese/les-paroisses/basses-plaines-wilhems/sainte-anne
basses-plaines-wilhems-sainte-odile-saint-odile-camp-levieux-rose-hill,Saint-Odile,Sainte-Odile,Basses Plaines Wilhems,"Camp-Levieux, Rose-Hill",-20.246563,57.454438,google_maps_place,0.88,GCatholic Google Maps plus code after v24.22.2 recheck,"v24.22.2 recheck update: coordinate replaced with Google Maps place-level Plus Code 5HFVQF23+9Q from GCatholic. This is a church/place pin, not a manually confirmed entrance pin.","Optional refinement: confirm building footprint/entrance by satellite, Street View, parish confirmation, or on-site check.","Saint-Odile, Camp-Levieux, Rose-Hill, Sainte-Odile, Basses Plaines Wilhems, Mauritius",https://dioceseportlouis.org/diocese/les-paroisses/basses-plaines-wilhems/sainte-odile
hautes-plaines-wilhems-notre-dame-de-la-visitation-notre-dame-de-la-visitation-vacoas,Notre-Dame-de-la-Visitation,Notre-Dame-de-la-Visitation,Hautes Plaines Wilhems,Vacoas,-20.300063,57.484437,google_maps_place,0.88,GCatholic Google Maps plus code after v24.22.2 recheck,"v24.22.2 recheck update: coordinate replaced with Google Maps place-level Plus Code 5HFVMFXM+XQ from GCatholic. This is a church/place pin, not a manually confirmed entrance pin.","Optional refinement: confirm building footprint/entrance by satellite, Street View, parish confirmation, or on-site check.","Notre-Dame-de-la-Visitation, Vacoas, Hautes Plaines Wilhems, Mauritius",https://dioceseportlouis.org/diocese/les-paroisses/hautes-plaines-wilhems/notre-dame-de-la-visitation-1864
hautes-plaines-wilhems-notre-dame-de-la-visitation-sacre-cur-glen-park,Sacré-Cœur,Notre-Dame-de-la-Visitation,Hautes Plaines Wilhems,Glen-Park,-20.306,57.506,approximate,0.74,prior_unique_church_coordinate_not_door_verified,Deterministic pass completed. Best available coordinate retained as approximate because accessible evidence did not support a church-building or door-level upgrade.,No weak-location label remains. Coordinate is intentionally classified approximate until stronger evidence is obtained.,"Sacré-Cœur, Glen-Park, Notre-Dame-de-la-Visitation, Hautes Plaines Wilhems, Mauritius",https://dioceseportlouis.org/diocese/les-paroisses/hautes-plaines-wilhems/notre-dame-de-la-visitation-1864
hautes-plaines-wilhems-notre-dame-de-la-visitation-sainte-famille-henrietta,Sainte-Famille,Notre-Dame-de-la-Visitation,Hautes Plaines Wilhems,Henrietta,-20.336,57.5,approximate,0.74,prior_unique_church_coordinate_not_door_verified,Deterministic pass completed. Best available coordinate retained as approximate because accessible evidence did not support a church-building or door-level upgrade.,No weak-location label remains. Coordinate is intentionally classified approximate until stronger evidence is obtained.,"Sainte-Famille, Henrietta, Notre-Dame-de-la-Visitation, Hautes Plaines Wilhems, Mauritius",https://dioceseportlouis.org/diocese/les-paroisses/hautes-plaines-wilhems/notre-dame-de-la-visitation-1864
hautes-plaines-wilhems-saint-paul-saint-paul-phoenix,Saint-Paul,Saint-Paul,Hautes Plaines Wilhems,Phoenix,-20.289563,57.510062,google_maps_place,0.88,GCatholic Google Maps plus code,coordinate replaced with Google Maps place-level Plus Code 5HFVPG66+52 via GCatholic. This is materially more precise than locality centroid; not claimed as manually doorway-visual-verified.,"Optional refinement: confirm building footprint/entrance by satellite, Street View, parish confirmation, or on-site check.","Saint-Paul, Phoenix, Hautes Plaines Wilhems, Mauritius",https://dioceseportlouis.org/diocese/les-paroisses/hautes-plaines-wilhems/saint-paul-1906
hautes-plaines-wilhems-sainte-helene-notre-dame-de-lourdes-curepipe,Notre-Dame-de-Lourdes,Sainte-Hélène,Hautes Plaines Wilhems,Curepipe,-20.318,57.526,approximate,0.45,locality_level_only,Deterministic pass completed. Best available coordinate retained as approximate because accessible evidence did not support a church-building or door-level upgrade.,No weak-location label remains. Coordinate is intentionally classified approximate until stronger evidence is obtained.,"Notre-Dame-de-Lourdes, Curepipe, Sainte-Hélène, Hautes Plaines Wilhems, Mauritius",https://dioceseportlouis.org/diocese/les-paroisses/hautes-plaines-wilhems/sainte-helene-1922
hautes-plaines-wilhems-sainte-helene-saint-jean-bosco-curepipe,Saint-Jean-Bosco,Sainte-Hélène,Hautes Plaines Wilhems,Mangalkhan,-20.30372,57.50608,exact_church_building,0.93,Mapcarta/OpenStreetMap chapelle St. Jean Bosco building evidence,"v24.22.4: replaced locality coordinate with OSM chapel/building coordinate for chapelle St. Jean Bosco. Building-level, not manually entrance/door confirmed.",Optional refinement only: manually confirm main entrance/door if exact_door is required.,"Saint-Jean-Bosco, Mangalkhan, Sainte-Hélène, Hautes Plaines Wilhems, Mauritius",https://dioceseportlouis.org/diocese/les-paroisses/hautes-plaines-wilhems/sainte-helene-1922
hautes-plaines-wilhems-sainte-helene-sainte-helene-curepipe,Sainte-Hélène,Sainte-Hélène,Hautes Plaines Wilhems,Curepipe,-20.311563,57.524313,google_maps_place,0.88,GCatholic Google Maps plus code,coordinate replaced with Google Maps place-level Plus Code 5HFVMGQF+9P via GCatholic. This is materially more precise than locality centroid; not claimed as manually doorway-visual-verified.,"Optional refinement: confirm building footprint/entrance by satellite, Street View, parish confirmation, or on-site check.","Sainte-Hélène, Curepipe, Hautes Plaines Wilhems, Mauritius",https://dioceseportlouis.org/diocese/les-paroisses/hautes-plaines-wilhems/sainte-helene-1922
hautes-plaines-wilhems-sainte-therese-davila-sainte-therese-davila-curepipe,Sainte-Thérèse-d’Avila,Sainte-Thérèse-d’Avila,Hautes Plaines Wilhems,Curepipe,-20.31959,57.52453,exact_church_building,0.92,Mapcarta / OSM building coordinate; GCatholic Google Maps plus code cross-check,coordinate replaced/confirmed with mapped church building/place-of-worship coordinate. This is exact for the church location; not necessarily the main door/entrance.,Optional refinement only: manually confirm main entrance/door if exact_door is required.,"Sainte-Thérèse-d’Avila, Curepipe, Hautes Plaines Wilhems, Mauritius",https://dioceseportlouis.org/diocese/les-paroisses/hautes-plaines-wilhems/sainte-therese-d-avila
port-louis-cathedrale-saint-louis-cathedrale-saint-louis-port-louis,Cathédrale Saint-Louis,Cathédrale Saint-Louis,Port Louis,Port-Louis,-20.16454,57.50646,exact_church_building,0.92,Mapcarta / OSM way 158575993; GCatholic Google Maps plus code cross-check,coordinate replaced/confirmed with mapped church building/place-of-worship coordinate. This is exact for the church location; not necessarily the main door/entrance.,Optional refinement only: manually confirm main entrance/door if exact_door is required.,"Cathédrale Saint-Louis, Port-Louis, Mauritius",https://dioceseportlouis.org/diocese/les-paroisses/port-louis/cathedrale-saint-louis-1722
port-louis-cathedrale-saint-louis-sainte-anne-tranquebar,Sainte-Anne,Cathédrale Saint-Louis,Port Louis,Tranquebar,-20.17381,57.50931,exact_church_building,0.93,Mapcarta/OpenStreetMap St. Anne Church building evidence,"v24.22.4: replaced approximate Tranquebar coordinate with OSM church-building coordinate for St. Anne Church on Mahatma Gandhi Street. Building-level, not manually entrance/door confirmed.",Optional refinement only: manually confirm main entrance/door if exact_door is required.,"Sainte-Anne, Tranquebar, Cathédrale Saint-Louis, Port Louis, Mauritius",https://dioceseportlouis.org/diocese/les-paroisses/port-louis/cathedrale-saint-louis-1722
port-louis-immaculee-conception-immaculee-conception-port-louis,Immaculée-Conception,Immaculée-Conception,Port Louis,Port-Louis,-20.16594,57.50058,google_maps_place,0.89,WorldPlaces direct church coordinate cross-checked with diocesan Rue Saint-Georges address,v24.22.4: replaced area coordinate with direct church coordinate matching the diocesan Port-Louis/Rue Saint-Georges location. Not manually entrance/door confirmed.,"Optional refinement: confirm building footprint/entrance by satellite, Street View, parish confirmation, or on-site check.","Immaculée-Conception, Port-Louis, Mauritius",https://dioceseportlouis.org/diocese/les-paroisses/port-louis/immaculee-conception-1858
port-louis-notre-dame-de-l-assomption-notre-dame-de-l-assomption-roche-bois,Notre-Dame-de-l'Assomption,Notre-Dame-de-l'Assomption,Port Louis,Roche-Bois,-20.145,57.51,approximate,0.45,locality_level_only,Deterministic pass completed. Best available coordinate retained as approximate because accessible evidence did not support a church-building or door-level upgrade.,No weak-location label remains. Coordinate is intentionally classified approximate until stronger evidence is obtained.,"Notre-Dame-de-l'Assomption, Roche-Bois, Notre-Dame-de-l'Assomption, Port Louis, Mauritius",https://dioceseportlouis.org/diocese/les-paroisses/port-louis/notre-dame-de-l-assomption
port-louis-saint-francois-xavier-saint-antoine-trou-fanfaron,Saint-Antoine,Saint-François-Xavier,Port Louis,Trou Fanfaron,-20.1546315,57.5059873,exact_church_building,0.90,Near-Place Google Maps-linked listing; Mapcarta OSM church page cross-check,"Near-Place lists Chapelle St Antoine, Trou Fanfaron with latitude/longitude; Mapcarta has a St. Antoine church page in the same area. Evidence: https://mu.near-place.com/church-nearby-chapelle-st-antoine-trou-fanfaron-port-louis",Optional refinement only: manually confirm main entrance/door if exact_door is required.,"Saint-Antoine, Trou Fanfaron, Saint-François-Xavier, Port Louis, Mauritius",https://dioceseportlouis.org/diocese/les-paroisses/port-louis/saint-francois-xavier
port-louis-saint-francois-xavier-saint-francois-xavier-port-louis,Saint-François-Xavier,Saint-François-Xavier,Port Louis,Port-Louis,-20.15473,57.51408,exact_church_building,0.92,Mapcarta / OSM way 495709600; GCatholic Google Maps plus code cross-check,coordinate replaced/confirmed with mapped church building/place-of-worship coordinate. This is exact for the church location; not necessarily the main door/entrance.,Optional refinement only: manually confirm main entrance/door if exact_door is required.,"Saint-François-Xavier, Port-Louis, Saint-François-Xavier, Port Louis, Mauritius",https://dioceseportlouis.org/diocese/les-paroisses/port-louis/saint-francois-xavier
port-louis-saint-malo-bon-pasteur-baie-du-tombeau,Bon-Pasteur,Saint-Malo,Port Louis,Baie du Tombeau,-20.131,57.495,approximate,0.65,duplicate_or_area_coordinate,Deterministic pass completed. Best available coordinate retained as approximate because accessible evidence did not support a church-building or door-level upgrade.,No weak-location label remains. Coordinate is intentionally classified approximate until stronger evidence is obtained.,"Bon-Pasteur, Baie du Tombeau, Saint-Malo, Port Louis, Mauritius",https://dioceseportlouis.org/diocese/les-paroisses/port-louis/saint-malo-1968
port-louis-saint-malo-bon-pasteur-elizabethville,Bon-Pasteur,Saint-Malo,Port Louis,Elizabethville,-20.125,57.496,approximate,0.74,prior_unique_church_coordinate_not_door_verified,Deterministic pass completed. Best available coordinate retained as approximate because accessible evidence did not support a church-building or door-level upgrade.,No weak-location label remains. Coordinate is intentionally classified approximate until stronger evidence is obtained.,"Bon-Pasteur, Elizabethville, Saint-Malo, Port Louis, Mauritius",https://dioceseportlouis.org/diocese/les-paroisses/port-louis/saint-malo-1968
port-louis-saint-malo-saint-malo-baie-du-tombeau,Saint-Malo,Saint-Malo,Port Louis,Baie du Tombeau,-20.114812,57.502437,google_maps_place,0.88,GCatholic Google Maps plus code,coordinate replaced with Google Maps place-level Plus Code 5HFVVGP2+3X via GCatholic. This is materially more precise than locality centroid; not claimed as manually doorway-visual-verified.,"Optional refinement: confirm building footprint/entrance by satellite, Street View, parish confirmation, or on-site check.","Saint-Malo, Baie du Tombeau, Port Louis, Mauritius",https://dioceseportlouis.org/diocese/les-paroisses/port-louis/saint-malo-1968
port-louis-saint-sacrement-saint-jean-de-britto-cassis,Saint-Jean-de-Britto,Saint-Sacrement,Port Louis,Cassis,-20.16301,57.49239,exact_church_building,0.93,Mapcarta/OpenStreetMap church-building evidence,"v24.22.4: replaced locality centroid with Mapcarta/OpenStreetMap chapel/building coordinate for Saint Jean de Britto. Building-level, not manually entrance/door confirmed.",Optional refinement only: manually confirm main entrance/door if exact_door is required.,"Saint-Jean-de-Britto, Cassis, Saint-Sacrement, Port Louis, Mauritius",https://dioceseportlouis.org/diocese/les-paroisses/port-louis/saint-sacrement-1872
port-louis-saint-sacrement-saint-sacrement-cassis,Saint-Sacrement,Saint-Sacrement,Port Louis,Cassis,-20.16386,57.48264,google_maps_place,0.86,WorldPlaces direct church/place coordinate,"v24.22.4: replaced Cassis locality centroid with direct Saint Sacrement place coordinate. Multiple nearby coordinate variants exist, so this is place-level, not exact-door.","Optional refinement: confirm building footprint/entrance by satellite, Street View, parish confirmation, or on-site check.","Saint-Sacrement, Cassis, Saint-Sacrement, Port Louis, Mauritius",https://dioceseportlouis.org/diocese/les-paroisses/port-louis/saint-sacrement-1872
port-louis-saint-vincent-de-paul-saint-vincent-de-paul-pailles,Saint-Vincent-de-Paul,Saint-Vincent-de-Paul,Port Louis,Pailles,-20.1913,57.48486,google_maps_place,0.86,WorldPlaces direct Eglise Saint Vincent De Paul Pailles coordinate,"v24.22.4: replaced locality-level Pailles coordinate with direct church/place coordinate. Conflicting place variants remain, so not marked exact-door.","Optional refinement: confirm building footprint/entrance by satellite, Street View, parish confirmation, or on-site check.","Saint-Vincent-de-Paul, Pailles, Saint-Vincent-de-Paul, Port Louis, Mauritius",https://dioceseportlouis.org/diocese/les-paroisses/port-louis/saint-vincent-de-paul-1872
port-louis-sainte-croix-centre-chapelle-saint-esprit-sainte-croix,Centre Chapelle Saint-Esprit,Sainte-Croix,Port Louis,Sainte-Croix,-20.145,57.521,approximate,0.45,locality_level_only,Deterministic pass completed. Best available coordinate retained as approximate because accessible evidence did not support a church-building or door-level upgrade.,No weak-location label remains. Coordinate is intentionally classified approximate until stronger evidence is obtained.,"Centre Chapelle Saint-Esprit, Sainte-Croix, Sainte-Croix, Port Louis, Mauritius",https://dioceseportlouis.org/diocese/les-paroisses/port-louis/sainte-croix-1881
port-louis-sainte-croix-sainte-therese-de-lenfant-jesus-cite-la-cure,Sainte Thérèse-de-l’Enfant-Jésus,Sainte-Croix,Port Louis,Cité La Cure,-20.145,57.509,approximate,0.74,prior_unique_church_coordinate_not_door_verified,Deterministic pass completed. Best available coordinate retained as approximate because accessible evidence did not support a church-building or door-level upgrade.,No weak-location label remains. Coordinate is intentionally classified approximate until stronger evidence is obtained.,"Sainte Thérèse-de-l’Enfant-Jésus, Cité La Cure, Sainte-Croix, Port Louis, Mauritius",https://dioceseportlouis.org/diocese/les-paroisses/port-louis/sainte-croix-1881
port-louis-sainte-croix-sainte-croix-port-louis,Sainte-Croix,Sainte-Croix,Port Louis,Port-Louis,-20.148126,57.529196,exact_church_building,0.90,GeoNames / geoview Sainte Croix Roman Catholic Chapel coordinate; diocesan Sainte-Croix parish page confirms site,"GeoNames search result lists Sainte Croix Roman Catholic Chapel at -20.148126,57.529196; diocesan page confirms Sainte-Croix as parish site. Evidence: https://www.geonames.org/search.html?country=MU&q=Port+Louis&startRow=50",Optional refinement only: manually confirm main entrance/door if exact_door is required.,"Sainte-Croix, Port-Louis, Mauritius",https://dioceseportlouis.org/diocese/les-paroisses/port-louis/sainte-croix-1881
port-louis-sainte-marie-madeleine-bienheureux-pere-laval-grno,Bienheureux-Père-Laval,Sainte-Marie-Madeleine,Port Louis,GRNO,-20.179,57.458,approximate,0.45,locality_level_only,Deterministic pass completed. Best available coordinate retained as approximate because accessible evidence did not support a church-building or door-level upgrade.,No weak-location label remains. Coordinate is intentionally classified approximate until stronger evidence is obtained.,"Bienheureux-Père-Laval, GRNO, Sainte-Marie-Madeleine, Port Louis, Mauritius",https://dioceseportlouis.org/diocese/les-paroisses/port-louis/sainte-marie-madeleine-1968
port-louis-sainte-marie-madeleine-saint-matthieu-la-tour-koenig,Saint-Matthieu,Sainte-Marie-Madeleine,Port Louis,La Tour Koenig,-20.173,57.463,approximate,0.45,locality_level_only,Deterministic pass completed. Best available coordinate retained as approximate because accessible evidence did not support a church-building or door-level upgrade.,No weak-location label remains. Coordinate is intentionally classified approximate until stronger evidence is obtained.,"Saint-Matthieu, La Tour Koenig, Sainte-Marie-Madeleine, Port Louis, Mauritius",https://dioceseportlouis.org/diocese/les-paroisses/port-louis/sainte-marie-madeleine-1968
port-louis-sainte-marie-madeleine-sainte-marie-madeleine-pointe-aux-sables,Sainte-Marie-Madeleine,Sainte-Marie-Madeleine,Port Louis,Pointe-aux-Sables,-20.17,57.45,approximate,0.45,locality_level_only,Deterministic pass completed. Best available coordinate retained as approximate because accessible evidence did not support a church-building or door-level upgrade.,No weak-location label remains. Coordinate is intentionally classified approximate until stronger evidence is obtained.,"Sainte-Marie-Madeleine, Pointe-aux-Sables, Sainte-Marie-Madeleine, Port Louis, Mauritius",https://dioceseportlouis.org/diocese/les-paroisses/port-louis/sainte-marie-madeleine-1968
region-est-notre-dame-du-sacre-cur-notre-dame-du-sacre-cur-camp-de-masque,Notre-Dame-du-Sacré-Cœur,Notre-Dame-du-Sacré-Cœur,Région Est,Camp de Masque,-20.24014,57.68113,google_maps_place,0.83,WorldPlaces direct Notre-Dame du Sacré Cœur Camp de Masque coordinate; Waze/Plus-Code evidence indicates same locality but exact entrance not confirmed,"v24.22.4: corrected major outlier from the Camp-de-Masque site. Source variants conflict, so the coordinate is improved place-level evidence, not exact-door.","Optional refinement: confirm building footprint/entrance by satellite, Street View, parish confirmation, or on-site check.","Notre-Dame-du-Sacré-Cœur, Camp de Masque, Région Est, Mauritius",https://dioceseportlouis.org/diocese/les-paroisses/region-est/notre-dame-du-sacre-coeur
region-est-saint-esprit-christ-roi-clemencia,Christ-Roi,Saint-Esprit,Région Est,Clémencia,-20.296,57.745,approximate,0.74,prior_unique_church_coordinate_not_door_verified,Deterministic pass completed. Best available coordinate retained as approximate because accessible evidence did not support a church-building or door-level upgrade.,No weak-location label remains. Coordinate is intentionally classified approximate until stronger evidence is obtained.,"Christ-Roi, Clémencia, Saint-Esprit, Région Est, Mauritius",https://dioceseportlouis.org/diocese/les-paroisses/region-est/saint-esprit-1849
region-est-saint-esprit-marie-etoile-de-la-mer-quatre-soeurs,Marie-Etoile-de-la-Mer,Saint-Esprit,Région Est,Quatre-Soeurs,-20.294,57.734,approximate,0.74,prior_unique_church_coordinate_not_door_verified,Deterministic pass completed. Best available coordinate retained as approximate because accessible evidence did not support a church-building or door-level upgrade.,No weak-location label remains. Coordinate is intentionally classified approximate until stronger evidence is obtained.,"Marie-Etoile-de-la-Mer, Quatre-Soeurs, Saint-Esprit, Région Est, Mauritius",https://dioceseportlouis.org/diocese/les-paroisses/region-est/saint-esprit-1849
region-est-saint-esprit-notre-dame-de-banneaux-beau-champ,Notre-Dame-de-Banneaux,Saint-Esprit,Région Est,Beau-Champ,-20.27,57.74,approximate,0.74,prior_unique_church_coordinate_not_door_verified,Deterministic pass completed. Best available coordinate retained as approximate because accessible evidence did not support a church-building or door-level upgrade.,No weak-location label remains. Coordinate is intentionally classified approximate until stronger evidence is obtained.,"Notre-Dame-de-Banneaux, Beau-Champ, Saint-Esprit, Région Est, Mauritius",https://dioceseportlouis.org/diocese/les-paroisses/region-est/saint-esprit-1849
region-est-saint-esprit-notre-dame-de-bon-secours-trou-deau-douce,Notre-Dame-de-Bon-Secours,Saint-Esprit,Région Est,Trou-d’Eau-Douce,-20.239687,57.786187,google_maps_place,0.88,GCatholic Google Maps plus code,coordinate replaced with Google Maps place-level Plus Code 5HFVQQ6P+4F via GCatholic. This is materially more precise than locality centroid; not claimed as manually doorway-visual-verified.,"Optional refinement: confirm building footprint/entrance by satellite, Street View, parish confirmation, or on-site check.","Notre-Dame-de-Bon-Secours, Trou-d’Eau-Douce, Saint-Esprit, Région Est, Mauritius",https://dioceseportlouis.org/diocese/les-paroisses/region-est/saint-esprit-1849
region-est-saint-esprit-saint-esprit-bel-air,Saint-Esprit,Saint-Esprit,Région Est,Bel-Air,-20.256688,57.750687,google_maps_place,0.88,GCatholic Google Maps plus code,coordinate replaced with Google Maps place-level Plus Code 5HFVPQV2+87 via GCatholic. This is materially more precise than locality centroid; not claimed as manually doorway-visual-verified.,"Optional refinement: confirm building footprint/entrance by satellite, Street View, parish confirmation, or on-site check.","Saint-Esprit, Bel-Air, Région Est, Mauritius",https://dioceseportlouis.org/diocese/les-paroisses/region-est/saint-esprit-1849
region-est-saint-esprit-sainte-therese-de-lenfant-jesus-olivia,Sainte-Thérèse-de-l’Enfant-Jésus,Saint-Esprit,Région Est,Olivia,-20.300563,57.732438,google_maps_place,0.88,GCatholic Google Maps plus code,coordinate replaced with Google Maps place-level Plus Code 5HFVMPXJ+QX via GCatholic. This is materially more precise than locality centroid; not claimed as manually doorway-visual-verified.,"Optional refinement: confirm building footprint/entrance by satellite, Street View, parish confirmation, or on-site check.","Sainte-Thérèse-de-l’Enfant-Jésus, Olivia, Saint-Esprit, Région Est, Mauritius",https://dioceseportlouis.org/diocese/les-paroisses/region-est/saint-esprit-1849
region-est-saint-julien-marie-mere-de-leglise-bois-doiseaux,Marie-Mère-de-l’Eglise,Saint-Julien,Région Est,Bois-d’Oiseaux,-20.213,57.722,approximate,0.45,locality_level_only,Deterministic pass completed. Best available coordinate retained as approximate because accessible evidence did not support a church-building or door-level upgrade.,No weak-location label remains. Coordinate is intentionally classified approximate until stronger evidence is obtained.,"Marie-Mère-de-l’Eglise, Bois-d’Oiseaux, Saint-Julien, Région Est, Mauritius",https://dioceseportlouis.org/diocese/les-paroisses/region-est/saint-julien-1770
region-est-saint-julien-saint-julien-union-flacq,Saint-Julien,Saint-Julien,Région Est,Union-Flacq,-20.207,57.714,approximate,0.45,locality_level_only,Deterministic pass completed. Best available coordinate retained as approximate because accessible evidence did not support a church-building or door-level upgrade.,No weak-location label remains. Coordinate is intentionally classified approximate until stronger evidence is obtained.,"Saint-Julien, Union-Flacq, Saint-Julien, Région Est, Mauritius",https://dioceseportlouis.org/diocese/les-paroisses/region-est/saint-julien-1770
region-est-saint-julien-sainte-anne-bonne-mere,Sainte-Anne,Saint-Julien,Région Est,Bonne-Mère,-20.195,57.708,approximate,0.45,locality_level_only,Deterministic pass completed. Best available coordinate retained as approximate because accessible evidence did not support a church-building or door-level upgrade.,No weak-location label remains. Coordinate is intentionally classified approximate until stronger evidence is obtained.,"Sainte-Anne, Bonne-Mère, Saint-Julien, Région Est, Mauritius",https://dioceseportlouis.org/diocese/les-paroisses/region-est/saint-julien-1770
region-est-saint-leon-jesus-bon-pasteur-sebastopol,Jésus-Bon-Pasteur,Saint-Léon,Région Est,Sébastopol,-20.289,57.687,approximate,0.45,locality_level_only,Deterministic pass completed. Best available coordinate retained as approximate because accessible evidence did not support a church-building or door-level upgrade.,No weak-location label remains. Coordinate is intentionally classified approximate until stronger evidence is obtained.,"Jésus-Bon-Pasteur, Sébastopol, Saint-Léon, Région Est, Mauritius",https://dioceseportlouis.org/diocese/les-paroisses/region-est/saint-leon-1905
region-est-saint-leon-saint-joseph-montagne-blanche,Saint-Joseph,Saint-Léon,Région Est,Montagne-Blanche,-20.285,57.655,approximate,0.45,locality_level_only,Deterministic pass completed. Best available coordinate retained as approximate because accessible evidence did not support a church-building or door-level upgrade.,No weak-location label remains. Coordinate is intentionally classified approximate until stronger evidence is obtained.,"Saint-Joseph, Montagne-Blanche, Saint-Léon, Région Est, Mauritius",https://dioceseportlouis.org/diocese/les-paroisses/region-est/saint-leon-1905
region-est-saint-leon-saint-leon-quartier-militaire,Saint-Léon,Saint-Léon,Région Est,Quartier-Militaire,-20.24708,57.59669,google_maps_place,0.88,WorldPlaces GPS coordinate for St Léon Quartier Militaire / Montagne Blanche,"WorldPlaces lists St Léon Quartier Militaire as Catholic Church at -20.24708,57.59669. This also corrects the prior outlier coordinate in the south/east. Evidence: https://mauritius.worldplaces.me/view-place/39663010-st-leon-quartier-militaire.html","Optional refinement: confirm building footprint/entrance by satellite, Street View, parish confirmation, or on-site check.","Saint-Léon, Quartier-Militaire, Région Est, Mauritius",https://dioceseportlouis.org/diocese/les-paroisses/region-est/saint-leon-1905
region-est-saint-leon-saint-sebastien-lesperance,Saint-Sébastien,Saint-Léon,Région Est,L’Espérance,-20.236,57.631,approximate,0.45,locality_level_only,Deterministic pass completed. Best available coordinate retained as approximate because accessible evidence did not support a church-building or door-level upgrade.,No weak-location label remains. Coordinate is intentionally classified approximate until stronger evidence is obtained.,"Saint-Sébastien, L’Espérance, Saint-Léon, Région Est, Mauritius",https://dioceseportlouis.org/diocese/les-paroisses/region-est/saint-leon-1905
region-est-saint-leon-sainte-jeanne-darc-alma,Sainte-Jeanne-d’Arc,Saint-Léon,Région Est,Alma,-20.22,57.735,approximate,0.45,locality_level_only,Deterministic pass completed. Best available coordinate retained as approximate because accessible evidence did not support a church-building or door-level upgrade.,No weak-location label remains. Coordinate is intentionally classified approximate until stronger evidence is obtained.,"Sainte-Jeanne-d’Arc, Alma, Saint-Léon, Région Est, Mauritius",https://dioceseportlouis.org/diocese/les-paroisses/region-est/saint-leon-1905
region-est-saint-michel-saint-michel-pont-praslin,Saint-Michel,Saint-Michel (Région Est),Région Est,Pont-Praslin,-20.408,57.7,approximate,0.65,duplicate_or_area_coordinate,Deterministic pass completed. Best available coordinate retained as approximate because accessible evidence did not support a church-building or door-level upgrade.,No weak-location label remains. Coordinate is intentionally classified approximate until stronger evidence is obtained.,"Saint-Michel, Pont-Praslin, Saint-Michel (Région Est), Région Est, Mauritius",https://dioceseportlouis.org/diocese/les-paroisses/region-est/saint-michel-1875
region-est-sainte-ursule-saint-dominique-quatre-cocos,Saint-Dominique,Sainte-Ursule,Région Est,Quatre-Cocos,-20.205,57.763,approximate,0.45,locality_level_only,Deterministic pass completed. Best available coordinate retained as approximate because accessible evidence did not support a church-building or door-level upgrade.,No weak-location label remains. Coordinate is intentionally classified approximate until stronger evidence is obtained.,"Saint-Dominique, Quatre-Cocos, Sainte-Ursule, Région Est, Mauritius",https://dioceseportlouis.org/diocese/les-paroisses/region-est/sainte-ursule-1897
region-est-sainte-ursule-saint-joseph-belle-mare,Saint-Joseph,Sainte-Ursule,Région Est,Belle-Mare,-20.198,57.78,approximate,0.45,locality_level_only,Deterministic pass completed. Best available coordinate retained as approximate because accessible evidence did not support a church-building or door-level upgrade.,No weak-location label remains. Coordinate is intentionally classified approximate until stronger evidence is obtained.,"Saint-Joseph, Belle-Mare, Sainte-Ursule, Région Est, Mauritius",https://dioceseportlouis.org/diocese/les-paroisses/region-est/sainte-ursule-1897
region-est-sainte-ursule-saint-maurice-poste-de-flacq,Saint-Maurice,Sainte-Ursule,Région Est,Poste-de-Flacq,-20.167,57.732,approximate,0.45,locality_level_only,Deterministic pass completed. Best available coordinate retained as approximate because accessible evidence did not support a church-building or door-level upgrade.,No weak-location label remains. Coordinate is intentionally classified approximate until stronger evidence is obtained.,"Saint-Maurice, Poste-de-Flacq, Sainte-Ursule, Région Est, Mauritius",https://dioceseportlouis.org/diocese/les-paroisses/region-est/sainte-ursule-1897
region-est-sainte-ursule-sainte-ursule-centre-de-flacq,Sainte-Ursule,Sainte-Ursule,Région Est,Centre de Flacq,-20.203063,57.729063,google_maps_place,0.88,GCatholic Google Maps plus code,coordinate replaced with Google Maps place-level Plus Code 5HFVQPWH+QJ via GCatholic. This is materially more precise than locality centroid; not claimed as manually doorway-visual-verified.,"Optional refinement: confirm building footprint/entrance by satellite, Street View, parish confirmation, or on-site check.","Sainte-Ursule, Centre de Flacq, Région Est, Mauritius",https://dioceseportlouis.org/diocese/les-paroisses/region-est/sainte-ursule-1897
region-nord-bienheureuse-vierge-marie-reine-marie-reine-poudre-d-or,Marie-Reine,Bienheureuse-Vierge-Marie-Reine,Région Nord,Poudre d'Or,-20.066563,57.685062,google_maps_place,0.88,GCatholic Google Maps plus code,coordinate replaced with Google Maps place-level Plus Code 5HFVWMMP+92 via GCatholic. This is materially more precise than locality centroid; not claimed as manually doorway-visual-verified.,"Optional refinement: confirm building footprint/entrance by satellite, Street View, parish confirmation, or on-site check.","Marie-Reine, Poudre d'Or, Bienheureuse-Vierge-Marie-Reine, Région Nord, Mauritius",https://dioceseportlouis.org/diocese/les-paroisses/region-nord/bienheureuse-vierge-marie-reine
region-nord-bienheureuse-vierge-marie-reine-sainte-claire-goodlands,Sainte-Claire,Bienheureuse-Vierge-Marie-Reine,Région Nord,Goodlands,-20.041132,57.655366,google_maps_place,0.86,"WeekdayMasses church map pin for Ste Claire, Goodlands, linked to diocesan parish page","WeekdayMasses church map pin for Ste Claire, Goodlands, linked to diocesan parish page","Optional refinement: confirm building footprint/entrance by satellite, Street View, parish confirmation, or on-site check.","Sainte-Claire, Goodlands, Mauritius",https://dioceseportlouis.org/diocese/les-paroisses/region-nord/bienheureuse-vierge-marie-reine
region-nord-cur-immacule-de-marie-cur-immacule-de-marie-riviere-du-rempart,Cœur-Immaculé-de-Marie,Cœur-Immaculé-de-Marie,Région Nord,Rivière-du-Rempart,-20.115873,57.678455,google_maps_place,0.84,"WeekdayMasses church map pin for Coeur Immaculé de Marie, Belle Vue Maurel, linked to diocesan parish page; town label retained pending source-data review","WeekdayMasses church map pin for Coeur Immaculé de Marie, Belle Vue Maurel, linked to diocesan parish page; town label retained pending source-data review","Optional refinement: confirm building footprint/entrance by satellite, Street View, parish confirmation, or on-site check.","Cœur-Immaculé-de-Marie, Rivière-du-Rempart, Mauritius",https://dioceseportlouis.org/diocese/les-paroisses/region-nord/coeur-immacule-de-marie-1917
region-nord-cur-immacule-de-marie-noces-de-cana-riviere-du-rempart,Noces-de-Cana,Cœur-Immaculé-de-Marie,Région Nord,Rivière-du-Rempart,-20.103,57.684,approximate,0.45,locality_level_only,Deterministic pass completed. Best available coordinate retained as approximate because accessible evidence did not support a church-building or door-level upgrade.,No weak-location label remains. Coordinate is intentionally classified approximate until stronger evidence is obtained.,"Noces-de-Cana, Rivière-du-Rempart, Cœur-Immaculé-de-Marie, Région Nord, Mauritius",https://dioceseportlouis.org/diocese/les-paroisses/region-nord/coeur-immacule-de-marie-1917
region-nord-cur-immacule-de-marie-notre-dame-de-l-assomption-roches-noires,Notre-Dame-de-l'Assomption,Cœur-Immaculé-de-Marie,Région Nord,Roches-Noires,-20.11,57.71,approximate,0.45,locality_level_only,Deterministic pass completed. Best available coordinate retained as approximate because accessible evidence did not support a church-building or door-level upgrade.,No weak-location label remains. Coordinate is intentionally classified approximate until stronger evidence is obtained.,"Notre-Dame-de-l'Assomption, Roches-Noires, Cœur-Immaculé-de-Marie, Région Nord, Mauritius",https://dioceseportlouis.org/diocese/les-paroisses/region-nord/coeur-immacule-de-marie-1917
region-nord-cur-immacule-de-marie-notre-dame-de-lesperance-piton,Notre-Dame-de-l’Espérance,Cœur-Immaculé-de-Marie,Région Nord,Piton,-20.09,57.627,approximate,0.45,locality_level_only,Deterministic pass completed. Best available coordinate retained as approximate because accessible evidence did not support a church-building or door-level upgrade.,No weak-location label remains. Coordinate is intentionally classified approximate until stronger evidence is obtained.,"Notre-Dame-de-l’Espérance, Piton, Cœur-Immaculé-de-Marie, Région Nord, Mauritius",https://dioceseportlouis.org/diocese/les-paroisses/region-nord/coeur-immacule-de-marie-1917
region-nord-cur-immacule-de-marie-saint-nathanael-pointe-des-lascars,Saint-Nathanaël,Cœur-Immaculé-de-Marie,Région Nord,Pointe-des-Lascars,-20.09,57.64,approximate,0.45,locality_level_only,Deterministic pass completed. Best available coordinate retained as approximate because accessible evidence did not support a church-building or door-level upgrade.,No weak-location label remains. Coordinate is intentionally classified approximate until stronger evidence is obtained.,"Saint-Nathanaël, Pointe-des-Lascars, Cœur-Immaculé-de-Marie, Région Nord, Mauritius",https://dioceseportlouis.org/diocese/les-paroisses/region-nord/coeur-immacule-de-marie-1917
region-nord-notre-dame-de-fatima-notre-dame-de-fatima-triolet,Notre-Dame-de-Fatima,Notre-Dame-de-Fatima,Région Nord,Triolet,-20.043688,57.550687,google_maps_place,0.88,GCatholic Google Maps plus code,coordinate replaced with Google Maps place-level Plus Code 5HFVXH42+G7 via GCatholic. This is materially more precise than locality centroid; not claimed as manually doorway-visual-verified.,"Optional refinement: confirm building footprint/entrance by satellite, Street View, parish confirmation, or on-site check.","Notre-Dame-de-Fatima, Triolet, Région Nord, Mauritius",https://dioceseportlouis.org/diocese/les-paroisses/region-nord/notre-dame-de-fatima-1964
region-nord-notre-dame-de-la-delivrande-notre-dame-de-la-delivrande-montagne-longue,Notre-Dame-de-la-Délivrande,Notre-Dame-de-la-Délivrande,Région Nord,Montagne Longue,-19.985,57.614,approximate,0.74,prior_unique_church_coordinate_not_door_verified,Deterministic pass completed. Best available coordinate retained as approximate because accessible evidence did not support a church-building or door-level upgrade.,No weak-location label remains. Coordinate is intentionally classified approximate until stronger evidence is obtained.,"Notre-Dame-de-la-Délivrande, Montagne Longue, Région Nord, Mauritius",https://dioceseportlouis.org/diocese/les-paroisses/region-nord/notre-dame-de-la-delivrande-1864-1
region-nord-notre-dame-de-la-delivrande-sainte-therese-montagne-longue,Sainte-Thérèse,Notre-Dame-de-la-Délivrande,Région Nord,Montagne Longue,-20.135,57.562,approximate,0.45,locality_level_only,Deterministic pass completed. Best available coordinate retained as approximate because accessible evidence did not support a church-building or door-level upgrade.,No weak-location label remains. Coordinate is intentionally classified approximate until stronger evidence is obtained.,"Sainte-Thérèse, Montagne Longue, Notre-Dame-de-la-Délivrande, Région Nord, Mauritius",https://dioceseportlouis.org/diocese/les-paroisses/region-nord/notre-dame-de-la-delivrande-1864-1
region-nord-notre-dame-de-la-salette-notre-dame-de-la-salette-grand-baie,Notre-Dame-de-la-Salette,Notre-Dame-de-la-Salette,Région Nord,Grand-Baie,-20.016813,57.598687,google_maps_place,0.88,GCatholic Google Maps plus code,coordinate replaced with Google Maps place-level Plus Code 5HFVXHMX+7F via GCatholic. This is materially more precise than locality centroid; not claimed as manually doorway-visual-verified.,"Optional refinement: confirm building footprint/entrance by satellite, Street View, parish confirmation, or on-site check.","Notre-Dame-de-la-Salette, Grand-Baie, Région Nord, Mauritius",https://dioceseportlouis.org/diocese/les-paroisses/region-nord/notre-dame-de-la-salette-1864
region-nord-notre-dame-de-la-salette-saints-anges-gardiens-grand-baie,Saints-Anges-Gardiens,Notre-Dame-de-la-Salette,Région Nord,Grand-Baie,-20.006,57.66,approximate,0.65,duplicate_or_area_coordinate,Deterministic pass completed. Best available coordinate retained as approximate because accessible evidence did not support a church-building or door-level upgrade.,No weak-location label remains. Coordinate is intentionally classified approximate until stronger evidence is obtained.,"Saints-Anges-Gardiens, Grand-Baie, Notre-Dame-de-la-Salette, Région Nord, Mauritius",https://dioceseportlouis.org/diocese/les-paroisses/region-nord/notre-dame-de-la-salette-1864
region-nord-saint-francois-dassise-saint-francois-dassise-pamplemousses,Saint-François d’Assise,Saint-François-d’Assise,Région Nord,Pamplemousses,-20.107563,57.576437,google_maps_place,0.88,GCatholic Google Maps plus code,coordinate replaced with Google Maps place-level Plus Code 5HFVVHRG+XH via GCatholic. This is materially more precise than locality centroid; not claimed as manually doorway-visual-verified.,"Optional refinement: confirm building footprint/entrance by satellite, Street View, parish confirmation, or on-site check.","Saint-François d’Assise, Pamplemousses, Région Nord, Mauritius",https://dioceseportlouis.org/diocese/les-paroisses/region-nord/saint-francois-d-assise-1743
region-nord-saint-francois-dassise-saint-georges-labourdonnais,Saint-Georges,Saint-François-d’Assise,Région Nord,Labourdonnais,-20.11,57.585,approximate,0.45,locality_level_only,Deterministic pass completed. Best available coordinate retained as approximate because accessible evidence did not support a church-building or door-level upgrade.,No weak-location label remains. Coordinate is intentionally classified approximate until stronger evidence is obtained.,"Saint-Georges, Labourdonnais, Saint-François-d’Assise, Région Nord, Mauritius",https://dioceseportlouis.org/diocese/les-paroisses/region-nord/saint-francois-d-assise-1743
region-nord-saint-jean-marie-vianney-saint-jean-marie-vianney-pointe-aux-piments,Saint-Jean-Marie-Vianney,Saint-Jean-Marie-Vianney,Région Nord,Pointe-aux-Piments,-20.103,57.57,approximate,0.65,duplicate_or_area_coordinate,Deterministic pass completed. Best available coordinate retained as approximate because accessible evidence did not support a church-building or door-level upgrade.,No weak-location label remains. Coordinate is intentionally classified approximate until stronger evidence is obtained.,"Saint-Jean-Marie-Vianney, Pointe-aux-Piments, Région Nord, Mauritius",https://dioceseportlouis.org/diocese/les-paroisses/region-nord/saint-jean-marie-de-vianney-1930
region-nord-saint-joseph-notre-dame-de-lesperance-solitude,Notre-Dame-de-l’Espérance,Saint-Joseph,Région Nord,Solitude,-20.077,57.561,approximate,0.74,prior_unique_church_coordinate_not_door_verified,Deterministic pass completed. Best available coordinate retained as approximate because accessible evidence did not support a church-building or door-level upgrade.,No weak-location label remains. Coordinate is intentionally classified approximate until stronger evidence is obtained.,"Notre-Dame-de-l’Espérance, Solitude, Saint-Joseph, Région Nord, Mauritius",https://dioceseportlouis.org/diocese/les-paroisses/region-nord/saint-joseph-1922
region-nord-saint-joseph-saint-joseph-terre-rouge,Saint-Joseph,Saint-Joseph,Région Nord,Terre-Rouge,-20.117356,57.532778,google_maps_place,0.88,"WeekdayMasses church map pin for St Joseph, Terre Rouge, linked to diocesan parish page","WeekdayMasses church map pin for St Joseph, Terre Rouge, linked to diocesan parish page","Optional refinement: confirm building footprint/entrance by satellite, Street View, parish confirmation, or on-site check.","Saint-Joseph, Terre-Rouge, Mauritius",https://dioceseportlouis.org/diocese/les-paroisses/region-nord/saint-joseph-1922
region-nord-saint-joseph-sainte-famille-bois-marchand,Sainte-Famille,Saint-Joseph,Région Nord,Bois-Marchand,-20.128,57.531,approximate,0.74,prior_unique_church_coordinate_not_door_verified,Deterministic pass completed. Best available coordinate retained as approximate because accessible evidence did not support a church-building or door-level upgrade.,No weak-location label remains. Coordinate is intentionally classified approximate until stronger evidence is obtained.,"Sainte-Famille, Bois-Marchand, Saint-Joseph, Région Nord, Mauritius",https://dioceseportlouis.org/diocese/les-paroisses/region-nord/saint-joseph-1922
region-nord-saint-michel-couvent-des-filles-de-marie-grand-gaube,Couvent des filles de Marie,Saint-Michel (Région Nord),Région Nord,Grand-Gaube,-20.006,57.661,approximate,0.45,locality_level_only,Deterministic pass completed. Best available coordinate retained as approximate because accessible evidence did not support a church-building or door-level upgrade.,No weak-location label remains. Coordinate is intentionally classified approximate until stronger evidence is obtained.,"Couvent des filles de Marie, Grand-Gaube, Saint-Michel (Région Nord), Région Nord, Mauritius",https://dioceseportlouis.org/diocese/les-paroisses/region-nord/saint-michel-1915
region-nord-saint-michel-notre-dame-auxiliatrice-cap-malheureux,Notre-Dame-Auxiliatrice,Saint-Michel (Région Nord),Région Nord,Cap Malheureux,-20.006,57.66,approximate,0.65,duplicate_or_area_coordinate,Deterministic pass completed. Best available coordinate retained as approximate because accessible evidence did not support a church-building or door-level upgrade.,No weak-location label remains. Coordinate is intentionally classified approximate until stronger evidence is obtained.,"Notre-Dame-Auxiliatrice, Cap Malheureux, Saint-Michel (Région Nord), Région Nord, Mauritius",https://dioceseportlouis.org/diocese/les-paroisses/region-nord/saint-michel-1915
region-nord-saint-michel-saint-michel-grand-gaube,Saint-Michel,Saint-Michel (Région Nord),Région Nord,Grand-Gaube,-20.009438,57.670812,google_maps_place,0.88,GCatholic Google Maps plus code,coordinate replaced with Google Maps place-level Plus Code 5HFVXMRC+68 via GCatholic. This is materially more precise than locality centroid; not claimed as manually doorway-visual-verified.,"Optional refinement: confirm building footprint/entrance by satellite, Street View, parish confirmation, or on-site check.","Saint-Michel, Grand-Gaube, Saint-Michel (Région Nord), Région Nord, Mauritius",https://dioceseportlouis.org/diocese/les-paroisses/region-nord/saint-michel-1915
region-ouest-saint-augustin-notre-dame-de-fatima-petite-riviere-noire,Notre-Dame-de-Fatima,Saint-Augustin,Région Ouest,Petite Rivière Noire,-20.347,57.36,approximate,0.74,prior_unique_church_coordinate_not_door_verified,Deterministic pass completed. Best available coordinate retained as approximate because accessible evidence did not support a church-building or door-level upgrade.,No weak-location label remains. Coordinate is intentionally classified approximate until stronger evidence is obtained.,"Notre-Dame-de-Fatima, Petite Rivière Noire, Saint-Augustin, Région Ouest, Mauritius",https://dioceseportlouis.org/diocese/les-paroisses/region-ouest/saint-augustin-1857
region-ouest-saint-augustin-saint-augustin-riviere-noire,Saint-Augustin,Saint-Augustin,Région Ouest,Rivière Noire,-20.362187,57.376312,google_maps_place,0.88,GCatholic Google Maps plus code,coordinate replaced with Google Maps place-level Plus Code 5HFVJ9QG+4G via GCatholic. This is materially more precise than locality centroid; not claimed as manually doorway-visual-verified.,"Optional refinement: confirm building footprint/entrance by satellite, Street View, parish confirmation, or on-site check.","Saint-Augustin, Rivière Noire, Région Ouest, Mauritius",https://dioceseportlouis.org/diocese/les-paroisses/region-ouest/saint-augustin-1857
region-ouest-saint-augustin-saint-benoit-tamarin,Saint-Benoît,Saint-Augustin,Région Ouest,Tamarin,-20.329438,57.378312,google_maps_place,0.88,GCatholic Google Maps plus code,coordinate replaced with Google Maps place-level Plus Code 5HFVM9CH+68 via GCatholic. This is materially more precise than locality centroid; not claimed as manually doorway-visual-verified.,"Optional refinement: confirm building footprint/entrance by satellite, Street View, parish confirmation, or on-site check.","Saint-Benoît, Tamarin, Saint-Augustin, Région Ouest, Mauritius",https://dioceseportlouis.org/diocese/les-paroisses/region-ouest/saint-augustin-1857
region-ouest-saint-cur-de-marie-notre-dame-de-la-mer-albion,Notre-Dame-de-la-Mer,Saint-Cœur-de-Marie,Région Ouest,Albion,-20.208,57.408,approximate,0.74,prior_unique_church_coordinate_not_door_verified,Deterministic pass completed. Best available coordinate retained as approximate because accessible evidence did not support a church-building or door-level upgrade.,No weak-location label remains. Coordinate is intentionally classified approximate until stronger evidence is obtained.,"Notre-Dame-de-la-Mer, Albion, Saint-Cœur-de-Marie, Région Ouest, Mauritius",https://dioceseportlouis.org/diocese/les-paroisses/region-ouest/saint-coeur-de-marie-1872
region-ouest-saint-cur-de-marie-saint-cur-de-marie-bambous,Saint-Cœur-de-Marie,Saint-Cœur-de-Marie,Région Ouest,Bambous,-20.258,57.406,approximate,0.74,prior_unique_church_coordinate_not_door_verified,Deterministic pass completed. Best available coordinate retained as approximate because accessible evidence did not support a church-building or door-level upgrade.,No weak-location label remains. Coordinate is intentionally classified approximate until stronger evidence is obtained.,"Saint-Cœur-de-Marie, Bambous, Région Ouest, Mauritius",https://dioceseportlouis.org/diocese/les-paroisses/region-ouest/saint-coeur-de-marie-1872
region-ouest-saint-sauveur-saint-marc-flic-en-flac,Saint-Marc,Saint-Sauveur,Région Ouest,Flic-en-Flac,-20.274,57.363,approximate,0.45,locality_level_only,Deterministic pass completed. Best available coordinate retained as approximate because accessible evidence did not support a church-building or door-level upgrade.,No weak-location label remains. Coordinate is intentionally classified approximate until stronger evidence is obtained.,"Saint-Marc, Flic-en-Flac, Saint-Sauveur, Région Ouest, Mauritius",https://dioceseportlouis.org/diocese/les-paroisses/region-ouest/saint-sauveur-1841
region-ouest-saint-sauveur-saint-sauveur-bambous,Saint-Sauveur,Saint-Sauveur,Région Ouest,Bambous,-20.25527,57.41949,exact_church_building,0.93,Mapcarta/OpenStreetMap church-building evidence,"Mapcarta/OpenStreetMap church-building evidence: Église Saint-Sauveur on Royal Road Bambous, OSM way 509354252",Optional refinement only: manually confirm main entrance/door if exact_door is required.,"Saint-Sauveur, Bambous, Mauritius",https://dioceseportlouis.org/diocese/les-paroisses/region-ouest/saint-sauveur-1841
region-ouest-sainte-anne-le-seigneur-de-la-peche-miraculeuse-la-gaulette,Le-Seigneur-de-la-Pêche-Miraculeuse,Sainte-Anne (Région Ouest),Région Ouest,La Gaulette,-20.429,57.359,approximate,0.74,prior_unique_church_coordinate_not_door_verified,Deterministic pass completed. Best available coordinate retained as approximate because accessible evidence did not support a church-building or door-level upgrade.,No weak-location label remains. Coordinate is intentionally classified approximate until stronger evidence is obtained.,"Le-Seigneur-de-la-Pêche-Miraculeuse, La Gaulette, Sainte-Anne (Région Ouest), Région Ouest, Mauritius",https://dioceseportlouis.org/diocese/les-paroisses/region-ouest/sainte-anne-1876
region-ouest-sainte-anne-mater-dolorosa-case-noyale,Mater Dolorosa,Sainte-Anne (Région Ouest),Région Ouest,Case Noyale,-20.41332,57.36939,google_maps_place,0.89,Mapcarta/OpenStreetMap Catholic Church Mater-Dolorosa place node 2163814029,Mapcarta/OpenStreetMap Catholic Church Mater-Dolorosa place node 2163814029,"Optional refinement: confirm building footprint/entrance by satellite, Street View, parish confirmation, or on-site check.","Mater Dolorosa, Case Noyale, Mauritius",https://dioceseportlouis.org/diocese/les-paroisses/region-ouest/sainte-anne-1876
region-ouest-sainte-anne-sainte-anne-chamarel,Sainte-Anne,Sainte-Anne (Région Ouest),Région Ouest,Chamarel,-20.424813,57.391188,google_maps_place,0.88,GCatholic Google Maps plus code,coordinate replaced with Google Maps place-level Plus Code 5HFVH9GR+3F via GCatholic. This is materially more precise than locality centroid; not claimed as manually doorway-visual-verified.,"Optional refinement: confirm building footprint/entrance by satellite, Street View, parish confirmation, or on-site check.","Sainte-Anne, Chamarel, Sainte-Anne (Région Ouest), Région Ouest, Mauritius",https://dioceseportlouis.org/diocese/les-paroisses/region-ouest/sainte-anne-1876
region-ouest-sainte-anne-stella-maris-case-noyale,Stella Maris,Sainte-Anne (Région Ouest),Région Ouest,Case Noyale,-20.393,57.367,approximate,0.65,duplicate_or_area_coordinate,Deterministic pass completed. Best available coordinate retained as approximate because accessible evidence did not support a church-building or door-level upgrade.,No weak-location label remains. Coordinate is intentionally classified approximate until stronger evidence is obtained.,"Stella Maris, Case Noyale, Sainte-Anne (Région Ouest), Région Ouest, Mauritius",https://dioceseportlouis.org/diocese/les-paroisses/region-ouest/sainte-anne-1876
region-sud-notre-dame-des-anges-notre-dame-des-anges-mahebourg,Notre-Dame-des-Anges,Notre-Dame-des-Anges,Région Sud,Mahébourg,-20.411562,57.706438,google_maps_place,0.88,GCatholic Google Maps plus code,coordinate replaced with Google Maps place-level Plus Code 5HFVHPQ4+9H via GCatholic. This is materially more precise than locality centroid; not claimed as manually doorway-visual-verified.,"Optional refinement: confirm building footprint/entrance by satellite, Street View, parish confirmation, or on-site check.","Notre-Dame-des-Anges, Mahébourg, Région Sud, Mauritius",https://dioceseportlouis.org/diocese/les-paroisses/region-sud/notre-dame-des-anges-1722
region-sud-notre-dame-des-anges-notre-dame-du-grand-pouvoir-vieux-grand-port,Notre-Dame-du-Grand-Pouvoir,Notre-Dame-des-Anges,Région Sud,Vieux-Grand-Port,-20.3751,57.7231,exact_church_building,0.94,Mapcarta/OpenStreetMap Notre Dame du Grand Pouvoir church-building evidence,"v24.22.4: replaced locality coordinate with OSM church-building coordinate for Notre Dame du Grand Pouvoir. Building-level, not manually entrance/door confirmed.",Optional refinement only: manually confirm main entrance/door if exact_door is required.,"Notre-Dame-du-Grand-Pouvoir, Vieux-Grand-Port, Notre-Dame-des-Anges, Région Sud, Mauritius",https://dioceseportlouis.org/diocese/les-paroisses/region-sud/notre-dame-des-anges-1722
region-sud-notre-dame-des-anges-resurrection-grand-sable,Résurrection,Notre-Dame-des-Anges,Région Sud,Grand-Sable,-20.393,57.725,approximate,0.45,locality_level_only,Deterministic pass completed. Best available coordinate retained as approximate because accessible evidence did not support a church-building or door-level upgrade.,No weak-location label remains. Coordinate is intentionally classified approximate until stronger evidence is obtained.,"Résurrection, Grand-Sable, Notre-Dame-des-Anges, Région Sud, Mauritius",https://dioceseportlouis.org/diocese/les-paroisses/region-sud/notre-dame-des-anges-1722
region-sud-notre-dame-des-anges-saint-henri-cent-gaulettes,Saint-Henri,Notre-Dame-des-Anges,Région Sud,Cent-Gaulettes,-20.424,57.681,approximate,0.45,locality_level_only,Deterministic pass completed. Best available coordinate retained as approximate because accessible evidence did not support a church-building or door-level upgrade.,No weak-location label remains. Coordinate is intentionally classified approximate until stronger evidence is obtained.,"Saint-Henri, Cent-Gaulettes, Notre-Dame-des-Anges, Région Sud, Mauritius",https://dioceseportlouis.org/diocese/les-paroisses/region-sud/notre-dame-des-anges-1722
region-sud-notre-dame-des-anges-sainte-cecile-bambous-virieux,Sainte-Cécile,Notre-Dame-des-Anges,Région Sud,Bambous-Virieux,-20.338,57.759,approximate,0.45,locality_level_only,Deterministic pass completed. Best available coordinate retained as approximate because accessible evidence did not support a church-building or door-level upgrade.,No weak-location label remains. Coordinate is intentionally classified approximate until stronger evidence is obtained.,"Sainte-Cécile, Bambous-Virieux, Notre-Dame-des-Anges, Région Sud, Mauritius",https://dioceseportlouis.org/diocese/les-paroisses/region-sud/notre-dame-des-anges-1722
region-sud-notre-dame-du-mont-carmel-notre-dame-du-mont-carmel-chemin-grenier,Notre-Dame-du-Mont-Carmel,Notre-Dame-du-Mont-Carmel,Région Sud,Chemin Grenier,-20.492188,57.466938,google_maps_place,0.88,GCatholic Google Maps plus code,coordinate replaced with Google Maps place-level Plus Code 5HFVGF58+4Q via GCatholic. This is materially more precise than locality centroid; not claimed as manually doorway-visual-verified.,"Optional refinement: confirm building footprint/entrance by satellite, Street View, parish confirmation, or on-site check.","Notre-Dame-du-Mont-Carmel, Chemin Grenier, Notre-Dame-du-Mont-Carmel, Région Sud, Mauritius",https://dioceseportlouis.org/diocese/les-paroisses/region-sud/notre-dame-du-mont-carmel-1900
region-sud-notre-dame-du-mont-carmel-saint-francois-dassise-baie-du-cap,Saint-François-d’Assise,Notre-Dame-du-Mont-Carmel,Région Sud,Baie-du-Cap,-20.486,57.379,approximate,0.45,locality_level_only,Deterministic pass completed. Best available coordinate retained as approximate because accessible evidence did not support a church-building or door-level upgrade.,No weak-location label remains. Coordinate is intentionally classified approximate until stronger evidence is obtained.,"Saint-François-d’Assise, Baie-du-Cap, Notre-Dame-du-Mont-Carmel, Région Sud, Mauritius",https://dioceseportlouis.org/diocese/les-paroisses/region-sud/notre-dame-du-mont-carmel-1900
region-sud-notre-dame-du-refuge-notre-dame-du-refuge-new-grove,Notre-Dame-du-Refuge,Notre-Dame-du-Refuge,Région Sud,New Grove,-20.41442,57.61777,exact_church_building,0.93,Mapcarta/OpenStreetMap church-building evidence,"Mapcarta/OpenStreetMap church-building evidence: L’église Notre Dame Du Refuge, Route Royale Phoenix–Plaisance, New Grove, OSM way 372014486",Optional refinement only: manually confirm main entrance/door if exact_door is required.,"Notre-Dame-du-Refuge, New Grove, Mauritius",https://dioceseportlouis.org/diocese/les-paroisses/region-sud/notre-dame-du-refuge-1910
region-sud-notre-dame-du-refuge-sainte-famille-rose-belle,Sainte-Famille,Notre-Dame-du-Refuge,Région Sud,Rose-Belle,-20.4,57.596,approximate,0.74,prior_unique_church_coordinate_not_door_verified,Deterministic pass completed. Best available coordinate retained as approximate because accessible evidence did not support a church-building or door-level upgrade.,No weak-location label remains. Coordinate is intentionally classified approximate until stronger evidence is obtained.,"Sainte-Famille, Rose-Belle, Notre-Dame-du-Refuge, Région Sud, Mauritius",https://dioceseportlouis.org/diocese/les-paroisses/region-sud/notre-dame-du-refuge-1910
region-sud-sacre-cur-notre-dame-de-la-paix-batimarais,Notre-Dame-de-la-Paix,Sacré-Cœur (Région Sud),Région Sud,Batimarais,-20.483,57.61,approximate,0.45,locality_level_only,Deterministic pass completed. Best available coordinate retained as approximate because accessible evidence did not support a church-building or door-level upgrade.,No weak-location label remains. Coordinate is intentionally classified approximate until stronger evidence is obtained.,"Notre-Dame-de-la-Paix, Batimarais, Sacré-Cœur (Région Sud), Région Sud, Mauritius",https://dioceseportlouis.org/diocese/les-paroisses/region-sud/sacre-coeur-1919
region-sud-sacre-cur-sacre-cur-riviere-des-anguilles,Sacré-Cœur,Sacré-Cœur (Région Sud),Région Sud,Rivière-des-Anguilles,-20.490121,57.560881,google_maps_place,0.88,"WeekdayMasses church map pin for Sacre Coeur, B8 La Baraque Road, Riviere des Anguilles","WeekdayMasses church map pin for Sacre Coeur, B8 La Baraque Road, Riviere des Anguilles","Optional refinement: confirm building footprint/entrance by satellite, Street View, parish confirmation, or on-site check.","Sacré-Cœur, Rivière-des-Anguilles, Mauritius",https://dioceseportlouis.org/diocese/les-paroisses/region-sud/sacre-coeur-1919
region-sud-sacre-cur-saint-georges-camp-diable,Saint-Georges,Sacré-Cœur (Région Sud),Région Sud,Camp-Diable,-20.463,57.582,approximate,0.45,locality_level_only,Deterministic pass completed. Best available coordinate retained as approximate because accessible evidence did not support a church-building or door-level upgrade.,No weak-location label remains. Coordinate is intentionally classified approximate until stronger evidence is obtained.,"Saint-Georges, Camp-Diable, Sacré-Cœur (Région Sud), Région Sud, Mauritius",https://dioceseportlouis.org/diocese/les-paroisses/region-sud/sacre-coeur-1919
region-sud-sacre-cur-saint-louis-grand-bois,Saint-Louis,Sacré-Cœur (Région Sud),Région Sud,Grand-Bois,-20.419,57.542,approximate,0.45,locality_level_only,Deterministic pass completed. Best available coordinate retained as approximate because accessible evidence did not support a church-building or door-level upgrade.,No weak-location label remains. Coordinate is intentionally classified approximate until stronger evidence is obtained.,"Saint-Louis, Grand-Bois, Sacré-Cœur (Région Sud), Région Sud, Mauritius",https://dioceseportlouis.org/diocese/les-paroisses/region-sud/sacre-coeur-1919
region-sud-saint-jacques-freres-missionnaires-de-la-charite-souillac,Frères Missionnaires de la Charité,Saint-Jacques,Région Sud,Souillac,-20.518,57.522,approximate,0.65,duplicate_or_area_coordinate,Deterministic pass completed. Best available coordinate retained as approximate because accessible evidence did not support a church-building or door-level upgrade.,No weak-location label remains. Coordinate is intentionally classified approximate until stronger evidence is obtained.,"Frères Missionnaires de la Charité, Souillac, Saint-Jacques, Région Sud, Mauritius",https://dioceseportlouis.org/diocese/les-paroisses/region-sud/saint-jacques-1845
region-sud-saint-jacques-saint-jacques-souillac,Saint-Jacques,Saint-Jacques,Région Sud,Souillac,-20.516938,57.521062,google_maps_place,0.88,GCatholic Google Maps plus code,coordinate replaced with Google Maps place-level Plus Code 5HFVFGMC+6C via GCatholic. This is materially more precise than locality centroid; not claimed as manually doorway-visual-verified.,"Optional refinement: confirm building footprint/entrance by satellite, Street View, parish confirmation, or on-site check.","Saint-Jacques, Souillac, Région Sud, Mauritius",https://dioceseportlouis.org/diocese/les-paroisses/region-sud/saint-jacques-1845
region-sud-saint-jacques-saint-joseph-surinam,Saint-Joseph,Saint-Jacques,Région Sud,Surinam,-20.507,57.536,approximate,0.74,prior_unique_church_coordinate_not_door_verified,Deterministic pass completed. Best available coordinate retained as approximate because accessible evidence did not support a church-building or door-level upgrade.,No weak-location label remains. Coordinate is intentionally classified approximate until stronger evidence is obtained.,"Saint-Joseph, Surinam, Saint-Jacques, Région Sud, Mauritius",https://dioceseportlouis.org/diocese/les-paroisses/region-sud/saint-jacques-1845
region-sud-saint-patrice-dans-les-quartiers-plaine-magnien,Dans les quartiers,Saint-Patrice,Région Sud,Plaine Magnien,-20.431,57.669,approximate,0.45,locality_level_only,Deterministic pass completed. Best available coordinate retained as approximate because accessible evidence did not support a church-building or door-level upgrade.,No weak-location label remains. Coordinate is intentionally classified approximate until stronger evidence is obtained.,"Dans les quartiers, Plaine Magnien, Saint-Patrice, Région Sud, Mauritius",https://dioceseportlouis.org/diocese/les-paroisses/region-sud/saint-patrice-1967
region-sud-saint-patrice-sacre-cur-le-bouchon,Sacré-Cœur,Saint-Patrice,Région Sud,Le Bouchon,-20.466,57.677,approximate,0.45,locality_level_only,Deterministic pass completed. Best available coordinate retained as approximate because accessible evidence did not support a church-building or door-level upgrade.,No weak-location label remains. Coordinate is intentionally classified approximate until stronger evidence is obtained.,"Sacré-Cœur, Le Bouchon, Saint-Patrice, Région Sud, Mauritius",https://dioceseportlouis.org/diocese/les-paroisses/region-sud/saint-patrice-1967
region-sud-saint-patrice-saint-francois-xavier-lescalier,Saint-François-Xavier,Saint-Patrice,Région Sud,L’Escalier,-20.458,57.616,approximate,0.45,locality_level_only,Deterministic pass completed. Best available coordinate retained as approximate because accessible evidence did not support a church-building or door-level upgrade.,No weak-location label remains. Coordinate is intentionally classified approximate until stronger evidence is obtained.,"Saint-François-Xavier, L’Escalier, Saint-Patrice, Région Sud, Mauritius",https://dioceseportlouis.org/diocese/les-paroisses/region-sud/saint-patrice-1967
region-sud-saint-patrice-saint-patrice-plaine-magnien,Saint-Patrice,Saint-Patrice,Région Sud,Plaine Magnien,-20.432562,57.659312,google_maps_place,0.88,GCatholic Google Maps plus code after v24.22.2 recheck,"v24.22.2 recheck update: coordinate replaced with Google Maps place-level Plus Code 5HFVHM85+XP from GCatholic. This is a church/place pin, not a manually confirmed entrance pin.","Optional refinement: confirm building footprint/entrance by satellite, Street View, parish confirmation, or on-site check.","Saint-Patrice, Plaine Magnien, Saint-Patrice, Région Sud, Mauritius",https://dioceseportlouis.org/diocese/les-paroisses/region-sud/saint-patrice-1967
region-sud-saint-patrice-sainte-famille-mon-desert-mon-tresor,Sainte-Famille,Saint-Patrice,Région Sud,Mon-Désert-Mon-Trésor,-20.449188,57.682063,google_maps_place,0.88,GCatholic Google Maps plus code,coordinate replaced with Google Maps place-level Plus Code 5HFVHM2J+8R via GCatholic. This is materially more precise than locality centroid; not claimed as manually doorway-visual-verified.,"Optional refinement: confirm building footprint/entrance by satellite, Street View, parish confirmation, or on-site check.","Sainte-Famille, Mon-Désert-Mon-Trésor, Saint-Patrice, Région Sud, Mauritius",https://dioceseportlouis.org/diocese/les-paroisses/region-sud/saint-patrice-1967
region-sud-saint-pierre-saint-pierre-riviere-des-anguilles,Saint-Pierre,Saint-Pierre (Rivière-des-Anguilles),Région Sud,Rivière-des-Anguilles,-20.486,57.555,approximate,0.45,locality_level_only,Deterministic pass completed. Best available coordinate retained as approximate because accessible evidence did not support a church-building or door-level upgrade.,No weak-location label remains. Coordinate is intentionally classified approximate until stronger evidence is obtained.,"Saint-Pierre, Rivière-des-Anguilles, Région Sud, Mauritius",https://dioceseportlouis.org/diocese/les-paroisses/region-sud/sacre-coeur-1919
